Company,Industry,Code,Year,Season,announce_day,Date,TTM_PE,EPS_growth,Expeceted_Dividend_Rate,Position,Close,Position_new,Code_out,Date_out,Close_out,Return,holding_days,Daily_Return_geometry,Daily_Return_arithmetic
1109 信大,水泥工業,1109,2014,2,2014-08-14,2014-08-14,14.547500000000005,0.625,0.076025,1.0,12.94,1.0,1109,2015-03-31,13.47,0.04095826893353949,229,0.000175306636681416,0.00017885706957877505
1215 卜蜂,食品工業,1215,2016,1,2016-05-15,2016-05-16,6.6925,0.3194444444444444,0.062150000000000025,1.0,26.21,1.0,1215,2017-05-15,55.57,1.1201831362075545,364,0.0020666999115077633,0.0030774261983724026
1229 聯華,食品工業,1229,2015,2,2015-08-14,2015-08-14,10.8825,0.5555555555555554,0.06192499999999997,1.0,15.64,1.0,1229,2015-11-16,15.9,0.01662404092071612,94,0.0001754129799622639,0.00017685149915655447
1229 聯華,食品工業,1229,2016,1,2016-05-15,2016-05-16,11.697500000000002,0.15151515151515146,0.06452499999999997,1.0,16.56,1.0,1229,2016-08-15,18.26,0.10265700483091811,91,0.0010744529236028644,0.0011280989541859133
1229 聯華,食品工業,1229,2016,4,2017-03-31,2017-03-31,11.290000000000004,4.6000000000000005,0.061149999999999975,1.0,22.9,1.0,1229,2017-05-15,23.98,0.0471615720524019,45,0.0010245965193975692,0.00104803493449782
1232 大統益,食品工業,1232,2015,2,2015-08-14,2015-08-14,11.5675,0.19565217391304351,0.06342500000000001,1.0,63.81,1.0,1232,2016-03-31,70.22,0.10045447422034148,230,0.000416274674178263,0.0004367585835667021
1232 大統益,食品工業,1232,2016,2,2016-08-14,2016-08-15,11.355,0.5363636363636362,0.065575,1.0,76.76,1.0,1232,2016-11-14,79.6,0.03699843668577363,91,0.0003993151084762392,0.0004065762273161937
1232 大統益,食品工業,1232,2016,4,2017-03-31,2017-03-31,12.294999999999998,0.1751824817518248,0.0612,1.0,86.43,1.0,1232,2017-05-15,86.33,-0.0011570056693278596,45,-2.5725791688691046e-05,-2.571123709617466e-05
1305 華夏,塑膠工業,1305,2016,3,2016-11-14,2016-11-14,7.152499999999994,2.333333333333333,0.06,1.0,21.8,1.0,1305,2017-05-15,24.78,0.1366972477064221,182,0.0007042418531724159,0.0007510837786067148
1310 台苯,塑膠工業,1310,2016,3,2016-11-14,2016-11-14,7.809999999999999,4.066666666666666,0.0605,1.0,16.49,1.0,1310,2017-05-15,21.13,0.2813826561552457,182,0.001363234377157907,0.0015460585503035479
1323 永裕,塑膠工業,1323,2016,1,2016-05-15,2016-05-16,6.172499999999999,0.30769230769230776,0.060275,1.0,29.02,1.0,1323,2017-03-31,31.6,0.08890420399724341,319,0.0002670321142428378,0.00027869656425468154
1442 名軒,建材營造,1442,2014,4,2015-03-31,2015-03-31,11.802499999999995,2.4,0.113925,1.0,17.15,1.0,1442,2015-05-15,17.15,0.0,45,0.0,0.0
1442 名軒,建材營造,1442,2015,2,2015-08-14,2015-08-14,13.56,2.043478260869565,0.097975,1.0,14.7,1.0,1442,2016-03-31,14.29,-0.027891156462585,230,-0.00012298157559342826,-0.00012126589766341304
1451 年興,紡織纖維,1451,2016,2,2016-08-14,2016-08-15,10.174999999999997,3.333333333333333,0.06995000000000004,1.0,35.8,1.0,1451,2016-11-14,35.28,-0.014525139664804398,91,-0.00016077457183438781,-0.00015961691939345493
1452 宏益,紡織纖維,1452,2014,2,2014-08-14,2014-08-14,12.479999999999995,1.0,0.06475,1.0,10.1,1.0,1452,2015-03-31,19.31,0.9118811881188118,229,0.002834085621812976,0.003982013921916209
1452 宏益,紡織纖維,1452,2015,1,2015-05-15,2015-05-15,10.417499999999997,1.2758620689655176,0.06462500000000003,1.0,25.18,1.0,1452,2016-03-31,21.36,-0.15170770452740268,321,-0.0005124232287304631,-0.00047260967142493044
1452 宏益,紡織纖維,1452,2016,4,2017-03-31,2017-03-31,11.375,0.6296296296296295,0.07785,1.0,20.65,1.0,1452,2017-05-15,20.94,0.01404358353510915,45,0.00030995660518806645,0.0003120796341135367
1465 偉全,紡織纖維,1465,2015,3,2015-11-14,2015-11-16,10.905,1.272727272727273,0.0606,1.0,11.97,1.0,1465,2016-03-31,13.04,0.08939014202172091,136,0.000629742593840632,0.0006572804560420655
1465 偉全,紡織纖維,1465,2016,4,2017-03-31,2017-03-31,11.5775,1.1666666666666667,0.0616,1.0,12.4,1.0,1465,2017-05-15,11.97,-0.0346774193548387,45,-0.0007839803720335325,-0.0007706093189964156
1513 中興電,電機機械,1513,2015,3,2015-11-14,2015-11-16,9.222499999999998,1.6551724137931036,0.06415000000000001,1.0,15.48,1.0,1513,2016-03-31,16.29,0.05232558139534871,136,0.00037508911107297926,0.0003847469220246229
1513 中興電,電機機械,1513,2016,1,2016-05-15,2016-05-16,8.952499999999997,0.2,0.06385000000000003,1.0,15.84,1.0,1513,2016-11-14,16.81,0.0612373737373737,182,0.0003266223461380058,0.0003364690864690863
1521 大億,電機機械,1521,2014,1,2014-05-15,2014-05-15,12.602499999999996,0.8873239436619721,0.063325,1.0,64.87,1.0,1521,2015-03-31,74.7,0.15153383690457845,320,0.00044101854795264295,0.00047354324032680765
1521 大億,電機機械,1521,2016,4,2017-03-31,2017-03-31,11.892499999999998,0.9207920792079208,0.061825000000000026,1.0,76.0,1.0,1521,2017-05-15,76.94,0.012368421052631584,45,0.00027320524793150724,0.00027485380116959077
1527 鑽全,電機機械,1527,2014,1,2014-05-15,2014-05-15,8.969999999999997,0.34883720930232553,0.07427500000000001,1.0,32.93,1.0,1527,2014-08-14,36.75,0.1160036440935317,91,0.0012068169508776538,0.0012747653197091396
1527 鑽全,電機機械,1527,2014,3,2014-11-14,2014-11-14,8.6725,10.687500000000002,0.119025,1.0,36.51,1.0,1527,2015-05-15,39.19,0.07340454669953433,182,0.00038928133572757595,0.0004033216851622766
1527 鑽全,電機機械,1527,2015,2,2015-08-14,2015-08-14,6.955000000000003,2.6,0.07787499999999999,1.0,39.24,1.0,1527,2016-03-31,63.83,0.6266564729867481,230,0.0021175722201491887,0.0027245933608119484
1530 亞崴,電機機械,1530,2015,3,2015-11-14,2015-11-16,11.967499999999996,1.3333333333333333,0.06012500000000001,1.0,28.27,1.0,1530,2016-03-31,27.54,-0.025822426600636716,136,-0.00019234678137503014,-0.00018987078382821116
1532 勤美,電機機械,1532,2015,1,2015-05-15,2015-05-15,8.659999999999998,1.6363636363636362,0.0689,1.0,25.46,1.0,1532,2015-08-14,23.68,-0.06991358994501184,91,-0.0007961420656885654,-0.0007682812081869434
1532 勤美,電機機械,1532,2016,3,2016-11-14,2016-11-14,5.419999999999997,0.11494252873563215,0.06865000000000003,1.0,29.37,1.0,1532,2017-03-31,29.41,0.0013619339462036528,137,9.934409604062111e-06,9.941123694917173e-06
1541 錩泰,電機機械,1541,2015,2,2015-08-14,2015-08-14,9.55,3.2500000000000004,0.06785,1.0,17.5,1.0,1541,2016-03-31,49.06,1.8034285714285714,230,0.004491985629354156,0.007840993788819875
1541 錩泰,電機機械,1541,2016,1,2016-05-15,2016-05-16,9.642499999999998,1.627906976744186,0.062125000000000014,1.0,48.0,1.0,1541,2016-11-14,40.41,-0.15812500000000007,182,-0.0009452877240058166,-0.0008688186813186817
1558 伸興,電機機械,1558,2016,2,2016-08-14,2016-08-15,7.319999999999998,0.3291536050156741,0.06672499999999998,1.0,142.91,1.0,1558,2016-11-14,138.24,-0.03267790917360569,91,-0.00036502958507655947,-0.00035909790300665595
1558 伸興,電機機械,1558,2016,4,2017-03-31,2017-03-31,8.372499999999997,0.3993174061433445,0.06142499999999997,1.0,145.71,1.0,1558,2017-05-15,132.63,-0.08976734609841475,45,-0.0020879294258453474,-0.0019948299132981056
1560 中砂,電機機械,1560,2016,4,2017-03-31,2017-03-31,13.087499999999995,0.5421686746987953,0.0628,1.0,70.82,1.0,1560,2017-05-15,69.0,-0.025698955097430032,45,-0.000578386938339448,-0.0005710878910540007
1582 信錦,電子零組件,1582,2014,2,2014-08-14,2014-08-14,8.372499999999999,0.4629629629629629,0.0658,1.0,53.64,1.0,1582,2015-08-14,38.71,-0.2783370618941089,365,-0.0008932914454417018,-0.0007625672928605723
1582 信錦,電子零組件,1582,2015,3,2015-11-14,2015-11-16,6.950000000000001,0.15,0.077825,1.0,42.45,1.0,1582,2016-03-31,45.76,0.07797408716136611,136,0.0005522365023025166,0.0005733388761865155
1582 信錦,電子零組件,1582,2016,2,2016-08-14,2016-08-15,5.9224999999999985,0.17241379310344845,0.08975000000000001,1.0,48.95,1.0,1582,2017-05-15,63.08,0.28866189989785473,273,0.0009293854321854589,0.0010573695966954386
1604 聲寶,電器電纜,1604,2016,1,2016-05-15,2016-05-16,10.757500000000006,0.7586206896551726,0.07635,1.0,11.62,1.0,1604,2016-11-14,16.61,0.42943201376936324,182,0.0019649894521553968,0.0023595165591723255
1604 聲寶,電器電纜,1604,2016,4,2017-03-31,2017-03-31,10.847500000000005,1.0,0.06829999999999999,1.0,17.71,1.0,1604,2017-05-15,16.84,-0.04912478825522304,45,-0.0011187613411717257,-0.0010916619612271786
1709 和益,化學工業,1709,2016,2,2016-08-14,2016-08-15,7.695000000000005,0.15686274509803913,0.06497500000000002,1.0,14.43,1.0,1709,2016-11-14,14.81,0.026334026334026372,91,0.00028568096930081666,0.0002893849047695206
1709 和益,化學工業,1709,2016,4,2017-03-31,2017-03-31,7.330000000000004,1.1904761904761905,0.07597500000000001,1.0,17.98,1.0,1709,2017-05-15,17.8,-0.010011123470522798,45,-0.0002235654887426941,-0.0002224694104560622
1730 花仙子,化學工業,1730,2014,2,2014-08-14,2014-08-14,11.19,0.3823529411764704,0.084975,1.0,21.37,1.0,1730,2014-11-14,23.94,0.12026204960224618,92,0.001235138577864614,0.0013071961913287628
1730 花仙子,化學工業,1730,2015,1,2015-05-15,2015-05-15,10.7275,0.3750000000000001,0.076275,1.0,26.2,1.0,1730,2017-03-31,37.77,0.44160305343511475,686,0.0005333137734309101,0.0006437362294972518
1773 勝一,化學工業,1773,2015,4,2016-03-31,2016-03-31,8.915000000000003,0.21348314606741575,0.065875,1.0,38.6,1.0,1773,2017-05-15,59.79,0.5489637305699482,410,0.0010678530334369274,0.0013389359282193858
1808 潤隆,建材營造,1808,2015,3,2015-11-14,2015-11-16,8.009999999999991,0.9791666666666669,0.13824999999999998,1.0,21.5,1.0,1808,2016-03-31,25.22,0.1730232558139535,136,0.0011741033924368427,0.0012722298221614229
1808 潤隆,建材營造,1808,2016,4,2017-03-31,2017-03-31,7.69999999999999,0.5900000000000001,0.153775,1.0,42.9,1.0,1808,2017-05-15,42.68,-0.00512820512820511,45,-0.00011424679556926165,-0.00011396011396011355
1909 榮成,造紙工業,1909,2015,4,2016-03-31,2016-03-31,7.385000000000002,inf,0.07955,1.0,11.37,1.0,1909,2016-11-14,14.35,0.2620932277924364,228,0.0010214495458551465,0.0011495317008440192
1909 榮成,造紙工業,1909,2016,4,2017-03-31,2017-03-31,8.3475,7.736842105263157,0.07392499999999999,1.0,25.02,1.0,1909,2017-05-15,27.5,0.09912070343725032,45,0.0021024403600304886,0.0022026822986055627
2006 東和鋼鐵,鋼鐵工業,2006,2016,2,2016-08-14,2016-08-15,13.9425,0.9166666666666666,0.06357499999999998,1.0,17.59,1.0,2006,2017-03-31,22.43,0.27515633882888,228,0.0010666596604609335,0.0012068260474950878
2010 春源,鋼鐵工業,2010,2015,1,2015-05-15,2015-05-15,14.9425,0.14285714285714274,0.06867499999999999,1.0,9.82,1.0,2010,2015-08-14,8.94,-0.08961303462321801,91,-0.0010311771269255754,-0.000984758622233165
2015 豐興,鋼鐵工業,2015,2014,4,2015-03-31,2015-03-31,13.742499999999994,0.1333333333333333,0.066375,1.0,32.67,1.0,2015,2015-11-16,33.83,0.035506580961126355,230,0.0001517104511259415,0.00015437643896141893
2015 豐興,鋼鐵工業,2015,2015,4,2016-03-31,2016-03-31,9.854999999999997,0.22352941176470595,0.06517500000000001,1.0,37.34,1.0,2015,2016-05-16,36.85,-0.013122656668452137,46,-0.0002871222394361661,-0.0002852751449663508
2015 豐興,鋼鐵工業,2015,2016,3,2016-11-14,2016-11-14,9.577499999999992,0.390625,0.061875,1.0,42.24,1.0,2015,2017-03-31,48.9,0.15767045454545436,137,0.0010692556048734758,0.001150879230258791
2034 允強,鋼鐵工業,2034,2016,2,2016-08-14,2016-08-15,11.147500000000004,1.3809523809523812,0.062300000000000015,1.0,21.61,1.0,2034,2016-11-14,23.0,0.06432207311429905,91,0.0006852681550595374,0.0007068359682890006
2062 橋椿,其他,2062,2015,1,2015-05-15,2015-05-15,10.835000000000004,0.4259259259259259,0.06917500000000003,1.0,49.53,1.0,2062,2015-08-14,34.03,-0.31294165152432873,91,-0.004116077702079224,-0.003438919247520096
2104 中橡,橡膠工業,2104,2015,4,2016-03-31,2016-03-31,8.020000000000003,1.8333333333333337,0.072425,1.0,21.21,1.0,2104,2017-05-15,27.57,0.2998585572842998,410,0.0006398520728370105,0.0007313623348397556
2107 厚生,橡膠工業,2107,2014,1,2014-05-15,2014-05-15,6.565,0.4081632653061224,0.071225,1.0,24.59,1.0,2107,2015-05-15,28.27,0.1496543310288736,365,0.00038215879990377566,0.0004100118658325304
2114 鑫永銓,橡膠工業,2114,2016,2,2016-08-14,2016-08-15,10.0475,0.11023622047244086,0.06435000000000002,1.0,74.26,1.0,2114,2016-11-14,71.83,-0.032722865607325735,91,-0.0003655401262545599,-0.00035959192975083224
2114 鑫永銓,橡膠工業,2114,2016,4,2017-03-31,2017-03-31,11.705000000000005,0.15827338129496418,0.062725,1.0,71.83,1.0,2114,2017-05-15,65.3,-0.09090909090909094,45,-0.0021157626078908143,-0.002020202020202021
2204 中華,汽車工業,2204,2016,3,2016-11-14,2016-11-14,8.207499999999998,0.2156862745098039,0.0647,1.0,22.83,1.0,2204,2017-03-31,26.23,0.14892685063512934,137,0.0010138591068336034,0.0010870573039060535
2227 裕日車,汽車工業,2227,2014,4,2015-03-31,2015-03-31,12.960000000000004,0.1511936339522546,0.0638,1.0,233.06,1.0,2227,2015-05-15,254.6,0.09242255213249795,45,0.001966325242058309,0.0020538344918332877
2227 裕日車,汽車工業,2227,2016,4,2017-03-31,2017-03-31,11.705000000000002,0.43666666666666654,0.07382499999999996,1.0,195.06,1.0,2227,2017-05-15,238.87,0.22459755972521278,45,0.004512646289715816,0.004991056882782507
2316 楠梓電,電子零組件,2316,2014,4,2015-03-31,2015-03-31,12.4825,1.1666666666666667,0.06609999999999999,1.0,15.55,1.0,2316,2015-08-14,23.39,0.5041800643086816,136,0.0030063330852909687,0.003707206355210894
2324 仁寶,電腦及週邊,2324,2015,3,2015-11-14,2015-11-16,7.4899999999999975,0.11666666666666678,0.06712499999999999,1.0,16.7,1.0,2324,2016-03-31,17.94,0.07425149700598821,136,0.0005267867711473695,0.0005459668897499133
2324 仁寶,電腦及週邊,2324,2016,2,2016-08-14,2016-08-15,7.144999999999998,0.14285714285714302,0.06555,1.0,18.98,1.0,2324,2016-11-14,17.52,-0.07692307692307698,91,-0.0008792034681549543,-0.0008453085376162306
2324 仁寶,電腦及週邊,2324,2016,4,2017-03-31,2017-03-31,7.452499999999996,0.1320754716981131,0.06127500000000001,1.0,18.65,1.0,2324,2017-05-15,19.31,0.03538873994638081,45,0.0007731198220861657,0.0007864164432529069
2327 國巨,電子零組件,2327,2015,3,2015-11-14,2015-11-16,7.802500000000002,1.6956521739130441,0.0764,1.0,79.49,1.0,2327,2016-05-16,84.22,0.05950434016857464,182,0.0003176394210546718,0.0003269469240031574
2331 精英,電腦及週邊,2331,2014,1,2014-05-15,2014-05-15,10.732500000000002,1.0,0.097375,1.0,17.04,1.0,2331,2015-03-31,24.09,0.41373239436619724,320,0.0010825645980752086,0.0012929137323943664
2331 精英,電腦及週邊,2331,2015,1,2015-05-15,2015-05-15,9.465000000000003,0.6190476190476192,0.1493,1.0,22.02,1.0,2331,2015-08-14,18.13,-0.17665758401453224,91,-0.002133798302460188,-0.0019412921320278269
2331 精英,電腦及週邊,2331,2015,3,2015-11-14,2015-11-16,7.9650000000000025,0.32812499999999994,0.18925,1.0,19.37,1.0,2331,2016-03-31,17.74,-0.08415074858027893,136,-0.0006461404299660245,-0.0006187555042667568
2340 光磊,光電業,2340,2015,3,2015-11-14,2015-11-16,9.000000000000005,0.15999999999999992,0.062575,1.0,10.18,1.0,2340,2016-05-16,10.08,-0.00982318271119842,182,-5.4238905276449145e-05,-5.397353138021109e-05
2340 光磊,光電業,2340,2016,2,2016-08-14,2016-08-15,9.717500000000006,0.8518518518518517,0.08627500000000002,1.0,13.96,1.0,2340,2017-05-15,19.4,0.38968481375358155,273,0.0012061369406926037,0.0014274169001962695
2345 智邦,通信網路業,2345,2014,1,2014-05-15,2014-05-15,14.45,1.769230769230769,0.07112500000000001,1.0,14.22,1.0,2345,2014-08-14,15.22,0.07032348804500699,91,0.0007471023272778154,0.0007727855829121647
2345 智邦,通信網路業,2345,2015,2,2015-08-14,2015-08-14,12.595,0.4482758620689656,0.06447500000000002,1.0,12.41,1.0,2345,2017-05-15,64.26,4.178082191780822,640,0.0025727331163665212,0.006528253424657534
2347 聯強,電子通路業,2347,2015,1,2015-05-15,2015-05-15,11.709999999999996,0.1587301587301587,0.068,1.0,34.82,1.0,2347,2015-11-16,28.15,-0.19155657668006898,185,-0.0011487698190167928,-0.0010354409550274
2351 順德,半導體,2351,2016,2,2016-08-14,2016-08-15,6.445,0.4848484848484848,0.07025000000000002,1.0,39.73,1.0,2351,2016-11-14,36.94,-0.07022401208155049,91,-0.0007998074016056789,-0.0007716924404565987
2356 英業達,電腦及週邊,2356,2016,2,2016-08-14,2016-08-15,9.78,0.1818181818181818,0.07677499999999997,1.0,22.47,1.0,2356,2016-11-14,21.62,-0.03782821539830872,91,-0.0004236714784771056,-0.0004156946747066892
2356 英業達,電腦及週邊,2356,2016,4,2017-03-31,2017-03-31,11.47,0.7857142857142856,0.06254999999999998,1.0,21.53,1.0,2356,2017-05-15,21.91,0.017649790989317182,45,0.0003888720851776828,0.0003922175775403818
2357 華碩,電腦及週邊,2357,2014,3,2014-11-14,2014-11-14,8.707499999999998,0.17948717948717954,0.065825,1.0,267.62,1.0,2357,2015-03-31,262.62,-0.01868320753306929,137,-0.00013765434554458,-0.00013637377761364445
2359 所羅門,其他電子業,2359,2015,4,2016-03-31,2016-03-31,6.8950000000000005,0.7735849056603772,0.0615,1.0,14.49,1.0,2359,2016-05-16,12.62,-0.12905452035886822,46,-0.0029993169309165957,-0.0028055330512797437
2359 所羅門,其他電子業,2359,2016,2,2016-08-14,2016-08-15,6.585,1.2,0.06767500000000001,1.0,12.98,1.0,2359,2016-11-14,12.74,-0.018489984591679498,91,-0.00020506755464133608,-0.00020318664386460988
2373 震旦行,其他電子業,2373,2016,3,2016-11-14,2016-11-14,11.657499999999995,0.12121212121212133,0.06075,1.0,66.59,1.0,2373,2017-05-15,72.76,0.09265655503829406,182,0.00048699732233337123,0.0005091019507598575
2374 佳能,光電業,2374,2016,3,2016-11-14,2016-11-14,8.989999999999998,0.1250000000000001,0.0801,1.0,13.86,1.0,2374,2017-05-15,18.39,0.32683982683982693,182,0.0015550542451379101,0.0017958232243946535
2376 技嘉,電腦及週邊,2376,2014,1,2014-05-15,2014-05-15,8.345,0.19587628865979376,0.07279999999999998,1.0,36.55,1.0,2376,2014-11-14,27.65,-0.2435020519835841,183,-0.0015237311554470168,-0.0013306123059212247
2376 技嘉,電腦及週邊,2376,2014,4,2015-03-31,2015-03-31,9.025,0.23437500000000006,0.07264999999999996,1.0,30.92,1.0,2376,2015-05-15,28.45,-0.07988357050452788,45,-0.0018484021111926374,-0.0017751904556561752
2376 技嘉,電腦及週邊,2376,2015,3,2015-11-14,2015-11-16,8.3525,0.19266055045871555,0.07884999999999998,1.0,28.94,1.0,2376,2016-03-31,31.13,0.07567380787836897,136,0.0005365208114944675,0.0005564250579291836
2376 技嘉,電腦及週邊,2376,2016,1,2016-05-15,2016-05-16,8.0875,0.28358208955223874,0.07794999999999998,1.0,30.6,1.0,2376,2016-11-14,37.74,0.2333333333333334,182,0.0011529747747458519,0.0012820512820512825
2376 技嘉,電腦及週邊,2376,2016,4,2017-03-31,2017-03-31,8.834999999999997,0.5882352941176472,0.06407499999999998,1.0,39.24,1.0,2376,2017-05-15,37.09,-0.0547910295616717,45,-0.0012514217223051904,-0.0012175784347038155
2377 微星,電腦及週邊,2377,2014,1,2014-05-15,2014-05-15,7.3450000000000015,1.2999999999999998,0.069275,1.0,30.07,1.0,2377,2015-03-31,29.77,-0.009976720984369858,320,-3.133332776583675e-05,-3.1177253076155806e-05
2377 微星,電腦及週邊,2377,2015,3,2015-11-14,2015-11-16,8.180000000000003,0.6265060240963858,0.093125,1.0,31.76,1.0,2377,2017-05-15,67.11,1.113035264483627,546,0.0013711322346332544,0.0020385261254278883
2379 瑞昱,半導體,2379,2015,4,2016-03-31,2016-03-31,14.242499999999994,0.2999999999999998,0.07355000000000002,1.0,82.0,1.0,2379,2016-05-16,84.04,0.024878048780487827,46,0.0005343520350487019,0.0005408271474019093
2383 台光電,電子零組件,2383,2014,1,2014-05-15,2014-05-15,7.314999999999999,0.3114754098360657,0.06922500000000001,1.0,23.83,1.0,2383,2016-05-16,58.35,1.448594208980277,732,0.0012241285082152942,0.00197895383740475
2393 億光,光電業,2393,2016,2,2016-08-14,2016-08-15,9.66,0.3783783783783784,0.06397500000000003,1.0,46.11,1.0,2393,2017-03-31,45.64,-0.010193016699197588,228,-4.493460981691566e-05,-4.470621359297188e-05
2397 友通,電腦及週邊,2397,2015,3,2015-11-14,2015-11-16,10.220000000000004,0.4000000000000001,0.06655,1.0,32.44,1.0,2397,2016-03-31,42.59,0.31288532675709013,136,0.002003675671076399,0.002300627402625663
2397 友通,電腦及週邊,2397,2016,1,2016-05-15,2016-05-16,10.640000000000004,1.03125,0.062124999999999986,1.0,50.28,1.0,2397,2016-11-14,46.44,-0.07637231503579955,182,-0.0004364224701748354,-0.00041962810459230526
2397 友通,電腦及週邊,2397,2016,4,2017-03-31,2017-03-31,9.747500000000006,0.6363636363636364,0.06407499999999998,1.0,51.11,1.0,2397,2017-05-15,46.34,-0.0933281158286049,45,-0.0021748461159625254,-0.0020739581295245533
2404 漢唐,其他電子業,2404,2015,2,2015-08-14,2015-08-14,6.5775000000000015,0.4488188976377953,0.078075,1.0,27.38,1.0,2404,2016-08-15,44.03,0.6081081081081081,367,0.0012952752022186154,0.001656970321820458
2404 漢唐,其他電子業,2404,2016,4,2017-03-31,2017-03-31,6.567499999999999,1.2467532467532467,0.0995,1.0,60.77,1.0,2404,2017-05-15,58.23,-0.04179693927924977,45,-0.0009483402697173515,-0.000928820872872217
2408 南亞科,半導體,2408,2016,4,2017-03-31,2017-03-31,14.0275,8.532467532467532,0.0609,1.0,47.05,1.0,2408,2017-05-15,52.1,0.10733262486716266,45,0.0022682147987989065,0.0023851694414925035
2414 精技,電子通路業,2414,2014,1,2014-05-15,2014-05-15,10.875,0.4814814814814815,0.073025,1.0,12.63,1.0,2414,2015-03-31,16.45,0.30245447347585097,320,0.0008261239927571662,0.0009451702296120343
2414 精技,電子通路業,2414,2016,2,2016-08-14,2016-08-15,8.645,0.3200000000000001,0.07700000000000004,1.0,15.11,1.0,2414,2017-03-31,17.39,0.1508934480476507,228,0.0006165871700196668,0.000661813368630047
2415 錩新,電子零組件,2415,2015,4,2016-03-31,2016-03-31,12.815,0.4444444444444445,0.06292500000000001,1.0,13.45,1.0,2415,2017-05-15,29.35,1.1821561338289963,410,0.0019050157540581036,0.002883307643485357
2420 新巨,電子零組件,2420,2014,3,2014-11-14,2014-11-14,10.9475,0.4657534246575344,0.063775,1.0,30.01,1.0,2420,2016-03-31,38.65,0.2879040319893367,503,0.0005031406791153881,0.0005723738210523592
2420 新巨,電子零組件,2420,2016,4,2017-03-31,2017-03-31,8.542500000000002,0.14782608695652188,0.06795,1.0,36.57,1.0,2420,2017-05-15,32.52,-0.11074651353568488,45,-0.0026048890949029735,-0.0024610336341263305
2421 建準,電子零組件,2421,2015,3,2015-11-14,2015-11-16,9.565000000000003,0.4893617021276596,0.06615000000000001,1.0,14.82,1.0,2421,2016-11-14,21.64,0.4601889338731444,364,0.0010405570319793611,0.0012642553128383088
2421 建準,電子零組件,2421,2016,4,2017-03-31,2017-03-31,8.747500000000002,0.2424242424242423,0.06605000000000003,1.0,28.59,1.0,2421,2017-05-15,30.82,0.07799930045470438,45,0.0016704341468702921,0.0017333177878823196
2426 鼎元,光電業,2426,2015,3,2015-11-14,2015-11-16,9.035,0.13888888888888887,0.06810000000000001,1.0,12.95,1.0,2426,2016-03-31,12.39,-0.043243243243243135,136,-0.0003249919764901632,-0.000317965023847376
2433 互盛電,其他電子業,2433,2014,3,2014-11-14,2014-11-14,13.275,0.15503875968992245,0.0876,1.0,34.87,1.0,2433,2015-08-14,38.47,0.10324060797246926,273,0.00035996167936813706,0.0003781707251738801
2433 互盛電,其他電子業,2433,2015,4,2016-03-31,2016-03-31,10.995,0.14285714285714274,0.07332500000000003,1.0,40.69,1.0,2433,2016-05-16,37.38,-0.08134676824772658,46,-0.0018427904073893275,-0.0017684080053853603
2439 美律,通信網路業,2439,2016,2,2016-08-14,2016-08-15,13.0375,10.666666666666668,0.06985000000000001,1.0,112.94,1.0,2439,2016-11-14,105.32,-0.06746945280680017,91,-0.0007673249018996797,-0.0007414225583164853
2441 超豐,半導體,2441,2014,1,2014-05-15,2014-05-15,8.995,0.75,0.0653,1.0,29.09,1.0,2441,2015-03-31,33.15,0.13956686146442077,320,0.0004083591187828972,0.0004361464420763149
2441 超豐,半導體,2441,2016,3,2016-11-14,2016-11-14,9.18,0.15909090909090912,0.06394999999999998,1.0,36.08,1.0,2441,2017-05-15,41.9,0.16130820399113088,182,0.0008220252146846629,0.0008863088131380818
2450 神腦,通信網路業,2450,2016,3,2016-11-14,2016-11-14,10.59,1.5952380952380956,0.0683,1.0,45.69,1.0,2450,2017-03-31,49.47,0.08273145108338809,137,0.0005803652056184383,0.0006038792049882342
2451 創見,半導體,2451,2014,3,2014-11-14,2014-11-14,11.3375,0.5555555555555558,0.06940000000000003,1.0,83.41,1.0,2451,2015-05-15,95.27,0.14218918594892704,182,0.0007307435634380521,0.0007812592634556431
2451 創見,半導體,2451,2015,3,2015-11-14,2015-11-16,11.04,0.1249999999999999,0.07800000000000001,1.0,72.89,1.0,2451,2016-03-31,87.18,0.19604884071889161,136,0.0013172159694807561,0.001441535593521262
2451 創見,半導體,2451,2016,2,2016-08-14,2016-08-15,10.85,0.5526315789473686,0.077825,1.0,91.01,1.0,2451,2016-11-14,76.33,-0.16130095593890792,91,-0.0019311367401529944,-0.0017725379773506364
2451 創見,半導體,2451,2016,4,2017-03-31,2017-03-31,12.0825,0.2606382978723405,0.070675,1.0,93.55,1.0,2451,2017-05-15,94.12,0.006092998396579397,45,0.000134998247867113,0.00013539996436843103
2458 義隆,半導體,2458,2014,3,2014-11-14,2014-11-14,14.6575,0.3194444444444444,0.065475,1.0,37.91,1.0,2458,2015-03-31,44.52,0.17436032709047766,137,0.0011738533678988805,0.0012727031174487422
2459 敦吉,電子通路業,2459,2015,4,2016-03-31,2016-03-31,7.0975,0.14285714285714302,0.06959999999999998,1.0,29.24,1.0,2459,2016-08-15,32.57,0.11388508891928861,137,0.0007875653274689309,0.000831278021308676
2459 敦吉,電子通路業,2459,2016,3,2016-11-14,2016-11-14,7.235000000000001,0.26,0.07429999999999998,1.0,33.22,1.0,2459,2017-05-15,38.93,0.17188440698374485,182,0.0008718801823324185,0.0009444198185920047
2462 良得電,電子零組件,2462,2014,1,2014-05-15,2014-05-15,9.29,0.2542372881355933,0.07275,1.0,22.34,1.0,2462,2014-08-14,23.6,0.05640107430617736,91,0.0006031259655043808,0.0006197920253426083
2467 志聖,電子零組件,2467,2014,3,2014-11-14,2014-11-14,14.174999999999995,0.17857142857142852,0.061675,1.0,19.08,1.0,2467,2015-05-15,18.26,-0.0429769392033541,182,-0.0002413323628643882,-0.0002361370285898577
2471 資通,資訊服務業,2471,2015,3,2015-11-14,2015-11-16,12.454999999999995,19.0,0.077575,1.0,11.71,1.0,2471,2016-03-31,12.14,0.0367207514944492,136,0.0002652013951276455,0.0002700055256944794
2471 資通,資訊服務業,2471,2016,3,2016-11-14,2016-11-14,13.957499999999992,1.3499999999999996,0.07277499999999999,1.0,12.31,1.0,2471,2017-05-15,14.34,0.1649065800162468,182,0.0008390380317702117,0.000906080109979378
2472 立隆電,電子零組件,2472,2016,1,2016-05-15,2016-05-16,6.202499999999999,1.0,0.070925,1.0,31.56,1.0,2472,2016-11-14,35.0,0.10899873257287718,182,0.0005686097594272965,0.0005988941350158086
2472 立隆電,電子零組件,2472,2016,4,2017-03-31,2017-03-31,8.567499999999997,0.8301886792452828,0.06305,1.0,36.22,1.0,2472,2017-05-15,34.81,-0.0389287686361125,45,-0.0008819830603575829,-0.0008650837474691666
2476 鉅祥,電子零組件,2476,2015,3,2015-11-14,2015-11-16,6.892500000000003,0.4528301886792453,0.061675,1.0,19.23,1.0,2476,2016-11-14,22.49,0.16952678107124264,364,0.0004303101567835199,0.00046573291503088635
2476 鉅祥,電子零組件,2476,2016,4,2017-03-31,2017-03-31,6.087500000000002,0.4666666666666667,0.06402500000000001,1.0,24.88,1.0,2476,2017-05-15,24.36,-0.020900321543408373,45,-0.0004692637508482145,-0.0004644515898535194
2477 美隆電,其他電子業,2477,2016,2,2016-08-14,2016-08-15,9.04,4.8,0.085525,1.0,15.58,1.0,2477,2016-11-14,15.93,0.0224646983311938,91,0.0002441625883211618,0.0002468648168263055
2477 美隆電,其他電子業,2477,2016,4,2017-03-31,2017-03-31,7.8874999999999975,0.38461538461538464,0.06015,1.0,21.99,1.0,2477,2017-05-15,22.39,0.018190086402910532,45,0.00040067193743276164,0.0004042241422869007
2480 敦陽科,資訊服務業,2480,2014,4,2015-03-31,2015-03-31,12.4125,54.0,0.0687,1.0,27.45,1.0,2480,2015-11-16,25.53,-0.06994535519125678,230,-0.00031521959786895426,-0.000304110239961986
2480 敦陽科,資訊服務業,2480,2016,2,2016-08-14,2016-08-15,10.07,0.2325581395348838,0.07964999999999997,1.0,27.25,1.0,2480,2017-03-31,34.6,0.2697247706422019,228,0.001047917809578136,0.0011830033800096574
2483 百容,電子零組件,2483,2016,1,2016-05-15,2016-05-16,13.329999999999998,0.65,0.07107500000000001,1.0,15.18,1.0,2483,2016-08-15,16.34,0.07641633728590258,91,0.0008095287825113928,0.0008397399701747536
2483 百容,電子零組件,2483,2016,4,2017-03-31,2017-03-31,10.905,1.9,0.072825,1.0,17.55,1.0,2483,2017-05-15,17.04,-0.02905982905982918,45,-0.000655128165565233,-0.0006457739791073151
2484 希華,電子零組件,2484,2016,2,2016-08-14,2016-08-15,8.95749999999999,0.4166666666666667,0.06157500000000001,1.0,16.8,1.0,2484,2016-11-14,16.73,-0.004166666666666652,91,-4.5882149694920216e-05,-4.5787545787545625e-05
2484 希華,電子零組件,2484,2016,4,2017-03-31,2017-03-31,10.539999999999992,0.9090909090909092,0.06297500000000003,1.0,19.32,1.0,2484,2017-05-15,18.94,-0.019668737060041352,45,-0.00044134126975359234,-0.0004370830457786967
2488 漢平,其他電子業,2488,2015,1,2015-05-15,2015-05-15,7.802499999999998,0.11538461538461528,0.0731,1.0,18.13,1.0,2488,2017-05-15,37.78,1.0838389409817983,731,0.001004898330611903,0.0014826798098246216
2493 揚博,電子零組件,2493,2014,1,2014-05-15,2014-05-15,9.8725,0.11267605633802827,0.083925,1.0,19.18,1.0,2493,2015-05-15,21.37,0.11418143899895727,365,0.0002962630549747658,0.0003128258602711158
2493 揚博,電子零組件,2493,2015,3,2015-11-14,2015-11-16,7.942500000000001,0.5857142857142861,0.11255,1.0,17.81,1.0,2493,2016-03-31,21.54,0.20943290286355976,136,0.0013991512414237572,0.0015399478151732334
2493 揚博,電子零組件,2493,2016,1,2016-05-15,2016-05-16,7.237499999999999,1.0930232558139537,0.11625,1.0,21.83,1.0,2493,2016-11-14,23.31,0.06779661016949157,182,0.00036048958980372525,0.0003725088470851185
2511 太子,建材營造,2511,2016,3,2016-11-14,2016-11-14,7.9775,0.22222222222222227,0.10212500000000002,1.0,9.03,1.0,2511,2017-03-31,10.91,0.20819490586932465,137,0.0013814455254161917,0.001519670845761494
2535 達欣工,建材營造,2535,2014,2,2014-08-14,2014-08-14,6.897500000000001,10.769230769230768,0.08737500000000001,1.0,17.3,1.0,2535,2014-11-14,16.74,-0.03236994219653189,92,-0.0003576038319195174,-0.00035184719778839007
2535 達欣工,建材營造,2535,2015,3,2015-11-14,2015-11-16,8.725000000000001,3.166666666666667,0.08324999999999999,1.0,12.47,1.0,2535,2016-11-14,17.35,0.3913392141138734,364,0.0009077379721611489,0.0010751077310820697
2535 達欣工,建材營造,2535,2016,4,2017-03-31,2017-03-31,10.197500000000002,1.8163265306122447,0.06682499999999998,1.0,18.63,1.0,2535,2017-05-15,17.62,-0.05421363392377876,45,-0.0012378679664916126,-0.001204747420528417
2536 宏普,建材營造,2536,2015,3,2015-11-14,2015-11-16,5.167499999999999,0.515151515151515,0.08252500000000003,1.0,18.32,1.0,2536,2016-03-31,22.05,0.2036026200873362,136,0.0013635703077996553,0.001497078088877472
2536 宏普,建材營造,2536,2016,1,2016-05-15,2016-05-16,4.424999999999999,0.3394495412844035,0.0988,1.0,20.8,1.0,2536,2016-11-14,22.97,0.10432692307692304,182,0.0005454015894434949,0.0005732248520710057
2537 聯上發,建材營造,2537,2016,2,2016-08-14,2016-08-15,8.005000000000004,4.124999999999999,0.064925,1.0,9.04,1.0,2537,2016-11-14,8.57,-0.05199115044247771,91,-0.0005865470545798335,-0.000571331323543711
2538 基泰,建材營造,2538,2014,1,2014-05-15,2014-05-15,8.6675,0.3,0.07635,1.0,14.91,1.0,2538,2014-11-14,14.0,-0.06103286384976525,183,-0.0003440653815075523,-0.000333512917211832
2538 基泰,建材營造,2538,2015,1,2015-05-15,2015-05-15,4.715000000000002,8.76923076923077,0.07549999999999997,1.0,14.88,1.0,2538,2015-08-14,14.95,0.0047043010752687575,91,5.157573033121032e-05,5.169561621174459e-05
2538 基泰,建材營造,2538,2015,3,2015-11-14,2015-11-16,4.387500000000001,0.4375000000000001,0.06774999999999998,1.0,13.58,1.0,2538,2016-03-31,13.66,0.00589101620029453,136,4.319013863840482e-05,4.3316295590400955e-05
2542 興富發,建材營造,2542,2015,4,2016-03-31,2016-03-31,6.4250000000000025,2.3157894736842106,0.08325000000000002,1.0,37.37,1.0,2542,2016-05-16,36.77,-0.016055659620015872,46,-0.0003518065403483872,-0.0003490360786959972
2545 皇翔,建材營造,2545,2014,3,2014-11-14,2014-11-14,12.825,0.3663366336633662,0.08545,1.0,30.34,1.0,2545,2015-03-31,34.16,0.125906394199077,137,0.0008659834699782376,0.0009190247751757446
2546 根基,建材營造,2546,2014,1,2014-05-15,2014-05-15,9.165,0.5319148936170213,0.06090000000000001,1.0,12.69,1.0,2546,2014-08-14,12.87,0.014184397163120588,91,0.00015478933997159494,0.00015587249629802843
2546 根基,建材營造,2546,2015,3,2015-11-14,2015-11-16,10.642499999999998,1.3823529411764706,0.0935,1.0,12.91,1.0,2546,2016-03-31,13.21,0.02323780015491872,136,0.00016892539625645853,0.00017086617760969647
2546 根基,建材營造,2546,2016,1,2016-05-15,2016-05-16,9.544999999999998,1.1904761904761905,0.081125,1.0,13.17,1.0,2546,2017-03-31,17.75,0.34776006074411536,319,0.0009359989028716598,0.0010901569302323366
2548 華固,建材營造,2548,2015,3,2015-11-14,2015-11-16,6.012500000000005,1.5490196078431373,0.08200000000000003,1.0,52.35,1.0,2548,2016-03-31,49.68,-0.051002865329512925,136,-0.0003848487185745819,-0.00037502106859935977
2548 華固,建材營造,2548,2016,3,2016-11-14,2016-11-14,10.392500000000004,2.146153846153846,0.096775,1.0,49.71,1.0,2548,2017-05-15,63.06,0.2685576342788172,182,0.001307890444844917,0.0014755913971363581
2597 潤弘,建材營造,2597,2014,3,2014-11-14,2014-11-14,6.165000000000001,0.3063829787234041,0.105025,1.0,46.6,1.0,2597,2015-03-31,51.55,0.1062231759656651,137,0.0007371450567428273,0.0007753516493844169
2597 潤弘,建材營造,2597,2016,4,2017-03-31,2017-03-31,6.9650000000000025,0.3656716417910447,0.108175,1.0,39.99,1.0,2597,2017-05-15,39.81,-0.004501125281320295,45,-0.0001002457716456906,-0.00010002500625156211
2616 山隆,油電燃氣業,2616,2015,1,2015-05-15,2015-05-15,9.1025,0.15151515151515146,0.0611,1.0,20.35,1.0,2616,2015-11-16,20.13,-0.010810810810810922,185,-5.875325902404693e-05,-5.843681519357255e-05
2616 山隆,油電燃氣業,2616,2016,1,2016-05-15,2016-05-16,9.4525,0.4473684210526317,0.06462499999999999,1.0,22.08,1.0,2616,2017-05-15,32.9,0.4900362318840581,364,0.001096205989456811,0.001346253384296863
2637 慧洋-KY,航運業,2637,2014,4,2015-03-31,2015-03-31,10.815000000000005,0.25,0.06235,1.0,30.9,1.0,2637,2015-05-15,32.17,0.04110032362459548,45,0.0008954708581114801,0.0009133405249910106
2637 慧洋-KY,航運業,2637,2015,2,2015-08-14,2015-08-14,10.812500000000005,1.4791666666666667,0.07292499999999999,1.0,32.47,1.0,2637,2016-03-31,31.24,-0.037881121034801346,230,-0.00016788704079873096,-0.0001647005262382667
2637 慧洋-KY,航運業,2637,2016,1,2016-05-15,2016-05-16,9.697500000000003,0.4999999999999998,0.0725,1.0,30.6,1.0,2637,2016-08-15,29.51,-0.03562091503267972,91,-0.0003985010169678116,-0.00039143862673274424
2637 慧洋-KY,航運業,2637,2016,4,2017-03-31,2017-03-31,10.355000000000004,0.17241379310344832,0.063425,1.0,30.23,1.0,2637,2017-05-15,28.39,-0.06086668871981471,45,-0.001394534250092505,-0.0013525930826625491
2820 華票,金融業,2820,2014,2,2014-08-14,2014-08-14,10.69,0.3529411764705882,0.06302500000000001,1.0,9.25,1.0,2820,2015-05-15,9.83,0.06270270270270273,274,0.00022197858482231325,0.00022884198066679828
2820 華票,金融業,2820,2015,2,2015-08-14,2015-08-14,9.3425,0.3478260869565217,0.06220000000000001,1.0,9.94,1.0,2820,2015-11-16,10.03,0.0090543259557343,94,9.589376033569685e-05,9.632261655036488e-05
2820 華票,金融業,2820,2015,4,2016-03-31,2016-03-31,8.735,0.40909090909090906,0.06485,1.0,10.87,1.0,2820,2016-11-14,11.92,0.09659613615455398,228,0.00040451583177025796,0.00042366726383576305
2850 新產,金融業,2850,2016,2,2016-08-14,2016-08-15,4.955,0.18181818181818185,0.06275,1.0,22.42,1.0,2850,2016-11-14,22.61,0.008474576271186418,91,9.273912029050813e-05,9.312721177127932e-05
2851 中再保,金融業,2851,2014,2,2014-08-14,2014-08-14,8.170000000000002,2.9090909090909087,0.0672,1.0,13.36,1.0,2851,2014-11-14,13.62,0.019461077844311392,92,0.00020952338840385387,0.00021153345482947166
2851 中再保,金融業,2851,2014,4,2015-03-31,2015-03-31,9.0425,2.2222222222222223,0.073925,1.0,14.77,1.0,2851,2015-08-14,14.68,-0.0060934326337169775,136,-4.4940705995921704e-05,-4.480465171850719e-05
2851 中再保,金融業,2851,2015,4,2016-03-31,2016-03-31,8.665,0.3448275862068967,0.06790000000000003,1.0,13.67,1.0,2851,2016-05-16,13.11,-0.04096561814191668,46,-0.0009088987219814104,-0.0008905569161286235
2852 第一保,金融業,2852,2014,3,2014-11-14,2014-11-14,9.11,0.1489361702127661,0.06057499999999999,1.0,14.23,1.0,2852,2015-03-31,13.39,-0.05903021784961349,137,-0.0004440200245663384,-0.0004308775025519233
2886 兆豐金,金融業,2886,2016,3,2016-11-14,2016-11-14,9.645000000000003,0.22,0.06644999999999998,1.0,21.97,1.0,2886,2017-03-31,23.15,0.053709604005461875,137,0.00038194806327029873,0.00039204090514935675
2904 匯僑,其他,2904,2014,3,2014-11-14,2014-11-14,11.625000000000002,0.1249999999999999,0.103275,1.0,21.07,1.0,2904,2015-05-15,22.56,0.07071665875652577,182,0.00037550014634835094,0.000388553070090801
2904 匯僑,其他,2904,2015,2,2015-08-14,2015-08-14,10.8775,0.12068965517241392,0.0808,1.0,22.37,1.0,2904,2015-11-16,22.28,-0.0040232454179705,94,-4.288589359668915e-05,-4.280048316989894e-05
2915 潤泰全,貿易百貨,2915,2014,3,2014-11-14,2014-11-14,0.8724999999999992,0.8102564102564102,0.06820000000000001,1.0,52.87,1.0,2915,2015-03-31,59.18,0.11934934745602432,137,0.0008233137494424447,0.0008711631201169658
2915 潤泰全,貿易百貨,2915,2015,1,2015-05-15,2015-05-15,4.284999999999998,0.3913043478260872,0.079075,1.0,63.5,1.0,2915,2015-11-16,54.91,-0.1352755905511811,185,-0.0007853369997707915,-0.0007312194083847627
2915 潤泰全,貿易百貨,2915,2015,4,2016-03-31,2016-03-31,6.969999999999999,0.1256830601092896,0.07540000000000002,1.0,50.52,1.0,2915,2016-08-15,50.12,-0.007917656373713444,137,-5.8021436796562575e-05,-5.779311221688645e-05
3005 神基,電腦及週邊,3005,2014,3,2014-11-14,2014-11-14,12.9525,0.16666666666666682,0.06205,1.0,12.61,1.0,3005,2016-03-31,19.31,0.5313243457573353,503,0.0008475417568565291,0.0010563108265553387
3005 神基,電腦及週邊,3005,2016,2,2016-08-14,2016-08-15,7.482499999999997,0.3404255319148937,0.08272500000000002,1.0,22.95,1.0,3005,2017-05-15,39.11,0.7041394335511983,273,0.001954509224619372,0.0025792653243633637
3010 華立,電子通路業,3010,2016,1,2016-05-15,2016-05-16,5.977499999999997,0.2500000000000001,0.065,1.0,39.56,1.0,3010,2016-08-15,44.68,0.12942366026289176,91,0.001338339475234207,0.0014222380248669424
3014 聯陽,半導體,3014,2015,4,2016-03-31,2016-03-31,11.022499999999996,1.809523809523809,0.0645,1.0,24.6,1.0,3014,2016-05-16,22.41,-0.08902439024390252,46,-0.002024885302995383,-0.0019353128313891852
3014 聯陽,半導體,3014,2016,2,2016-08-14,2016-08-15,10.082499999999996,1.4782608695652173,0.0706,1.0,27.47,1.0,3014,2017-03-31,32.53,0.18420094648707686,228,0.000741802369468525,0.0008078988881012142
3015 全漢,電子零組件,3015,2014,1,2014-05-15,2014-05-15,9.94,0.12820512820512814,0.06640000000000001,1.0,28.61,1.0,3015,2014-08-14,27.57,-0.03635092624956304,91,-0.000406819226897559,-0.0003994607280171763
3015 全漢,電子零組件,3015,2014,3,2014-11-14,2014-11-14,12.7175,0.4285714285714285,0.061225,1.0,24.38,1.0,3015,2015-03-31,24.23,-0.0061525840853158265,137,-4.504708188035611e-05,-4.490937288551698e-05
3022 威強電,電腦及週邊,3022,2014,1,2014-05-15,2014-05-15,10.6825,0.25,0.07005,1.0,32.0,1.0,3022,2015-05-15,43.45,0.3578125000000001,365,0.0008383647901297753,0.0009803082191780824
3023 信邦,電子零組件,3023,2014,1,2014-05-15,2014-05-15,8.834999999999997,0.5156249999999999,0.06192499999999999,1.0,33.95,1.0,3023,2015-03-31,41.7,0.22827687776141392,320,0.0006427448307411154,0.0007133652430044185
3026 禾伸堂,電子零組件,3026,2014,1,2014-05-15,2014-05-15,11.635,0.490566037735849,0.06855000000000001,1.0,40.72,1.0,3026,2015-03-31,47.36,0.16306483300589392,320,0.00047216961929019696,0.0005095776031434184
3026 禾伸堂,電子零組件,3026,2016,4,2017-03-31,2017-03-31,13.0425,1.875,0.07585000000000001,1.0,48.38,1.0,3026,2017-05-15,49.88,0.03100454733360891,45,0.0006787550417970412,0.0006889899407468647
3029 零壹,資訊服務業,3029,2016,4,2017-03-31,2017-03-31,9.960000000000004,0.6176470588235294,0.0606,1.0,18.4,1.0,3029,2017-05-15,16.95,-0.07880434782608692,45,-0.001822400314711703,-0.0017512077294685982
3030 德律,其他電子業,3030,2014,2,2014-08-14,2014-08-14,11.022500000000004,0.18666666666666668,0.07354999999999999,1.0,40.32,1.0,3030,2015-11-16,44.59,0.1059027777777779,459,0.00021933122795703142,0.0002307250060518037
3030 德律,其他電子業,3030,2016,4,2017-03-31,2017-03-31,14.78,1.2142857142857142,0.0876,1.0,39.71,1.0,3030,2017-05-15,36.19,-0.08864265927977844,45,-0.002060545434765526,-0.001969836872883965
3032 偉訓,電子零組件,3032,2015,3,2015-11-14,2015-11-16,8.5625,1.1538461538461535,0.097175,1.0,18.84,1.0,3032,2016-11-14,36.61,0.9432059447983014,364,0.001826774099419337,0.0025912251230722568
3033 威健,電子通路業,3033,2014,1,2014-05-15,2014-05-15,9.132500000000002,0.10204081632653073,0.07930000000000001,1.0,17.86,1.0,3033,2014-08-14,17.98,0.006718924972004547,91,7.359010976348834e-05,7.383434035169832e-05
3033 威健,電子通路業,3033,2015,4,2016-03-31,2016-03-31,9.1475,0.16216216216216214,0.08904999999999999,1.0,16.97,1.0,3033,2016-05-16,16.42,-0.03241013553329386,46,-0.0007159821541463662,-0.0007045681637672578
3036 文曄,電子通路業,3036,2014,1,2014-05-15,2014-05-15,7.7225,0.13636363636363635,0.064375,1.0,26.19,1.0,3036,2015-08-14,28.92,0.10423825887743421,456,0.00021747043881847894,0.0002285926729768294
3036 文曄,電子通路業,3036,2016,3,2016-11-14,2016-11-14,8.574999999999996,0.2280701754385965,0.07309999999999997,1.0,40.57,1.0,3036,2017-03-31,40.89,0.007887601676115352,137,5.734950688873752e-05,5.7573734862155854e-05
3042 晶技,電子零組件,3042,2016,2,2016-08-14,2016-08-15,11.2525,0.19298245614035106,0.06402499999999997,1.0,39.14,1.0,3042,2016-11-14,37.36,-0.04547777210015336,91,-0.0005113455765874964,-0.0004997557373643227
3055 蔚華科,電子通路業,3055,2015,4,2016-03-31,2016-03-31,12.912500000000005,28.21428571428571,0.07117499999999999,1.0,19.59,1.0,3055,2016-05-16,16.62,-0.15160796324655434,46,-0.003567803742388853,-0.0032958252879685727
3056 總太,建材營造,3056,2014,4,2015-03-31,2015-03-31,13.355,4.239130434782608,0.060800000000000014,1.0,13.23,1.0,3056,2015-08-14,10.48,-0.20786092214663643,136,-0.001711902867137849,-0.0015283891334311502
3090 日電貿,電子零組件,3090,2016,2,2016-08-14,2016-08-15,8.112500000000004,1.2142857142857142,0.0796,1.0,21.93,1.0,3090,2016-11-14,22.12,0.008663930688554533,91,9.480245197757142e-05,9.52080295445553e-05
3090 日電貿,電子零組件,3090,2016,4,2017-03-31,2017-03-31,8.987500000000002,0.1964285714285714,0.08115,1.0,25.01,1.0,3090,2017-05-15,26.04,0.04118352658936408,45,0.0008972483411400223,0.0009151894797636463
3305 昇貿,其他電子業,3305,2016,1,2016-05-15,2016-05-16,12.302500000000006,0.9615384615384616,0.06145,1.0,17.84,1.0,3305,2017-05-15,27.97,0.5678251121076232,364,0.001236173818547348,0.001559959099196767
3380 明泰,通信網路業,3380,2015,1,2015-05-15,2015-05-15,11.2025,0.4000000000000001,0.0642,1.0,21.05,1.0,3380,2015-08-14,13.54,-0.356769596199525,91,-0.004837189228081296,-0.003920545013181593
3416 融程電,電腦及週邊,3416,2016,2,2016-08-14,2016-08-15,11.5575,0.21052631578947373,0.06970000000000003,1.0,45.46,1.0,3416,2016-11-14,43.94,-0.03343598768147826,91,-0.0003736417331275943,-0.0003674284360602007
3501 維熹,電子零組件,3501,2016,1,2016-05-15,2016-05-16,7.680000000000002,0.2689075630252101,0.06675000000000003,1.0,44.39,1.0,3501,2016-08-15,45.34,0.02140121649020066,91,0.00023272406762142595,0.0002351782031890182
3501 維熹,電子零組件,3501,2016,4,2017-03-31,2017-03-31,6.9075000000000015,0.3237410071942448,0.078,1.0,49.51,1.0,3501,2017-05-15,48.3,-0.02443950717026866,45,-0.0005496957222462795,-0.0005431001593393035
3528 安馳,電子通路業,3528,2014,1,2014-05-15,2014-05-15,9.29,0.3518518518518517,0.06025000000000001,1.0,24.92,1.0,3528,2014-11-14,27.17,0.09028892455858739,183,0.0004724762239263214,0.0004933821014130458
3528 安馳,電子通路業,3528,2015,4,2016-03-31,2016-03-31,8.3575,0.17241379310344845,0.06705000000000001,1.0,27.3,1.0,3528,2016-05-16,26.33,-0.03553113553113563,46,-0.0007861631743399933,-0.0007724159898072963
3550 聯穎,電子零組件,3550,2015,4,2016-03-31,2016-03-31,7.335000000000001,0.30769230769230776,0.07565,1.0,11.01,1.0,3550,2016-05-16,10.66,-0.031789282470481295,46,-0.0007020476230126249,-0.0006910713580539412
3550 聯穎,電子零組件,3550,2016,2,2016-08-14,2016-08-15,6.312500000000001,1.291666666666667,0.080075,1.0,13.73,1.0,3550,2016-11-14,14.28,0.04005826656955569,91,0.00043170565402683714,0.000440200731533579
3550 聯穎,電子零組件,3550,2016,4,2017-03-31,2017-03-31,6.580000000000001,2.0,0.07725,1.0,16.72,1.0,3550,2017-05-15,15.75,-0.05801435406698563,45,-0.0013272349410401452,-0.0012892078681552362
3588 通嘉,半導體,3588,2016,1,2016-05-15,2016-05-16,11.024999999999995,0.15217391304347827,0.0606,1.0,25.12,1.0,3588,2016-08-15,27.86,0.109076433121019,91,0.0011383136157439022,0.001198642122209
3596 智易,通信網路業,3596,2015,3,2015-11-14,2015-11-16,13.259999999999998,0.4343434343434343,0.06717500000000001,1.0,28.2,1.0,3596,2016-03-31,41.16,0.4595744680851064,136,0.0027843465612733542,0.003379224030037547
3596 智易,通信網路業,3596,2016,1,2016-05-15,2016-05-16,10.974999999999998,7.000000000000001,0.06030000000000001,1.0,46.81,1.0,3596,2016-11-14,51.03,0.09015167699209559,182,0.0004743808333669275,0.0004953388845719538
3607 谷崧,電子零組件,3607,2014,3,2014-11-14,2014-11-14,10.1275,4.08,0.06144999999999999,1.0,44.18,1.0,3607,2016-03-31,42.09,-0.04730647351742867,503,-9.634131356839326e-05,-9.404865510423195e-05
3617 碩天,其他電子業,3617,2015,2,2015-08-14,2015-08-14,9.445,1.2142857142857144,0.06375,1.0,57.15,1.0,3617,2016-03-31,83.75,0.4654418197725285,230,0.0016629323604773205,0.0020236600859675153
3679 新至陞,電子零組件,3679,2014,1,2014-05-15,2014-05-15,10.1275,0.5,0.06384999999999999,1.0,32.82,1.0,3679,2014-11-14,32.86,0.0012187690432663434,183,6.655907107688819e-06,6.659940127138488e-06
3679 新至陞,電子零組件,3679,2015,3,2015-11-14,2015-11-16,9.2825,0.6203703703703702,0.081325,1.0,38.55,1.0,3679,2017-05-15,84.56,1.1935149156939042,546,0.0014396896480874943,0.0021859247540181397
3702 大聯大,電子通路業,3702,2014,1,2014-05-15,2014-05-15,9.995,0.3333333333333333,0.066575,1.0,30.26,1.0,3702,2015-05-15,31.81,0.05122273628552532,365,0.0001368696326451424,0.00014033626379595976
3702 大聯大,電子通路業,3702,2016,1,2016-05-15,2016-05-16,7.910000000000004,0.11904761904761905,0.07247500000000001,1.0,29.87,1.0,3702,2017-03-31,36.05,0.2068965517241379,319,0.0005896792203825552,0.000648578532050589
4532 瑞智,電機機械,4532,2016,1,2016-05-15,2016-05-16,8.607500000000002,0.27450980392156865,0.07005,1.0,21.64,1.0,4532,2017-05-15,30.37,0.40341959334565614,364,0.0009315100287534683,0.00110829558611444
4722 國精化,化學工業,4722,2015,4,2016-03-31,2016-03-31,7.292499999999999,0.3536585365853661,0.063525,1.0,28.93,1.0,4722,2016-11-14,31.15,0.07673695126166602,228,0.0003243294529251539,0.00033656557570906146
4904 遠傳,通信網路業,4904,2014,2,2014-08-14,2014-08-14,13.980000000000004,0.10416666666666677,0.07194999999999999,1.0,53.17,1.0,4904,2014-11-14,57.74,0.08595072409253346,92,0.0008966609637603984,0.0009342470010057984
4912 聯德控股-KY,電子零組件,4912,2014,2,2014-08-14,2014-08-14,9.5925,1.3823529411764706,0.0662,1.0,51.43,1.0,4912,2014-11-14,55.0,0.06941473847948676,92,0.0007297392328815544,0.0007545080269509431
4912 聯德控股-KY,電子零組件,4912,2015,1,2015-05-15,2015-05-15,7.942500000000001,0.7701149425287357,0.0601,1.0,68.8,1.0,4912,2015-08-14,56.72,-0.1755813953488372,91,-0.002119474501287799,-0.001929465882954255
4912 聯德控股-KY,電子零組件,4912,2015,3,2015-11-14,2015-11-16,8.0325,0.4820143884892088,0.062175000000000015,1.0,72.95,1.0,4912,2016-03-31,80.97,0.1099383139136394,136,0.0007672385941972504,0.0008083699552473485
4912 聯德控股-KY,電子零組件,4912,2016,2,2016-08-14,2016-08-15,11.0775,3.9130434782608687,0.06509999999999999,1.0,74.66,1.0,4912,2016-11-14,73.97,-0.009241896597910526,91,-0.00010202631020006514,-0.00010155930327374205
4927 泰鼎-KY,電子零組件,4927,2016,1,2016-05-15,2016-05-16,9.380000000000004,0.5471698113207546,0.06259999999999999,1.0,31.01,1.0,4927,2016-11-14,27.29,-0.11996130280554662,182,-0.0007018931093123459,-0.0006591280373931133
4952 凌通,半導體,4952,2014,4,2015-03-31,2015-03-31,12.4225,2.4117647058823524,0.068,1.0,33.35,1.0,4952,2015-08-14,26.34,-0.21019490254872564,136,-0.001733562377527198,-0.0015455507540347473
4952 凌通,半導體,4952,2015,3,2015-11-14,2015-11-16,10.304999999999998,0.3932584269662921,0.07715,1.0,30.53,1.0,4952,2016-11-14,32.63,0.06878480183426139,364,0.0001827702824819255,0.0001889692358084104
4984 科納-KY,通信網路業,4984,2015,3,2015-11-14,2015-11-16,13.500000000000002,0.35454545454545444,0.066975,1.0,33.69,1.0,4984,2017-03-31,51.16,0.518551498961116,501,0.0008341938926386128,0.0010350329320581158
5203 訊連,資訊服務業,5203,2014,3,2014-11-14,2014-11-14,9.812500000000002,0.11585365853658547,0.07719999999999999,1.0,70.68,1.0,5203,2015-05-15,72.32,0.023203169213355856,182,0.00012604128666970915,0.0001274899407327245
5225 東科-KY,其他電子業,5225,2014,4,2015-03-31,2015-03-31,12.305000000000005,0.2388059701492536,0.085025,1.0,58.16,1.0,5225,2015-08-14,34.79,-0.4018225584594223,136,-0.0037713107073994445,-0.0029545776357310463
5225 東科-KY,其他電子業,5225,2015,4,2016-03-31,2016-03-31,11.062500000000005,0.12048192771084347,0.093025,1.0,37.93,1.0,5225,2016-05-16,35.42,-0.06617453203269175,46,-0.001487278194077013,-0.0014385767833193857
5234 達興材料,光電業,5234,2016,2,2016-08-14,2016-08-15,9.337500000000006,0.2238805970149252,0.06655000000000001,1.0,30.14,1.0,5234,2017-05-15,41.94,0.391506303915063,273,0.0012109407742506573,0.001434089025329901
5434 崇越,電子通路業,5434,2014,3,2014-11-14,2014-11-14,9.234999999999998,0.1923076923076923,0.061174999999999986,1.0,43.41,1.0,5434,2015-08-14,42.07,-0.03086846348767558,273,-0.0001148466343239285,-0.00011307129482665047
5434 崇越,電子通路業,5434,2016,1,2016-05-15,2016-05-16,7.2399999999999975,0.2753623188405798,0.06914999999999999,1.0,52.25,1.0,5434,2017-05-15,90.58,0.7335885167464113,364,0.0015126636575375496,0.0020153530679846467
5471 松翰,半導體,5471,2014,3,2014-11-14,2014-11-14,12.975,0.14705882352941171,0.063825,1.0,35.26,1.0,5471,2015-03-31,39.94,0.13272830402722624,137,0.0009101157364599377,0.0009688197374250091
5522 遠雄,建材營造,5522,2015,1,2015-05-15,2015-05-15,5.232499999999999,0.2253521126760564,0.07117500000000003,1.0,29.1,1.0,5522,2016-03-31,30.54,0.04948453608247405,321,0.00015047588613326113,0.00015415743327873535
5522 遠雄,建材營造,5522,2016,2,2016-08-14,2016-08-15,3.89,0.3333333333333333,0.10007500000000004,1.0,32.44,1.0,5522,2017-03-31,37.3,0.14981504315659677,228,0.0006124729999621437,0.0006570835226166525
5525 順天,建材營造,5525,2014,4,2015-03-31,2015-03-31,11.9175,2.220338983050848,0.08109999999999999,1.0,15.54,1.0,5525,2015-11-16,15.08,-0.029601029601029505,230,-0.00013063486808628788,-0.00012870012870012828
5534 長虹,建材營造,5534,2016,1,2016-05-15,2016-05-16,10.8675,inf,0.067325,1.0,42.84,1.0,5534,2016-08-15,51.63,0.2051820728291316,91,0.0020529908058948276,0.00225474805306738
5534 長虹,建材營造,5534,2016,4,2017-03-31,2017-03-31,8.2,0.5169491525423731,0.06349999999999999,1.0,67.76,1.0,5534,2017-05-15,65.11,-0.039108618654073335,45,-0.0008861383272237289,-0.000869080414534963
5706 鳳凰,觀光事業,5706,2016,4,2017-03-31,2017-03-31,13.54,2.2666666666666666,0.06297499999999998,1.0,35.26,1.0,5706,2017-05-15,33.56,-0.048213272830402554,45,-0.001097492766493513,-0.0010714060628978345
6024 群益期,金融業,6024,2014,3,2014-11-14,2014-11-14,10.722499999999998,0.4637681159420291,0.06425,1.0,19.2,1.0,6024,2016-03-31,30.88,0.6083333333333334,503,0.000945174917671654,0.0012094102054340625
6024 群益期,金融業,6024,2016,1,2016-05-15,2016-05-16,11.18,1.4081632653061225,0.06595000000000001,1.0,28.94,1.0,6024,2016-11-14,33.39,0.15376641326883211,182,0.0007861975328868898,0.0008448704025760006
6024 群益期,金融業,6024,2016,4,2017-03-31,2017-03-31,8.1625,0.1785714285714286,0.06585000000000002,1.0,33.78,1.0,6024,2017-05-15,34.2,0.01243339253996445,45,0.00027463176415332136,0.00027629761199921
6115 鎰勝,電子零組件,6115,2014,3,2014-11-14,2014-11-14,10.0725,0.7105263157894737,0.0775,1.0,31.62,1.0,6115,2015-03-31,35.39,0.1192283364958886,137,0.0008225239456625122,0.0008702798284371431
6115 鎰勝,電子零組件,6115,2015,3,2015-11-14,2015-11-16,9.4325,0.1923076923076923,0.08875,1.0,28.16,1.0,6115,2016-11-14,40.14,0.42542613636363646,364,0.0009742952298421592,0.0011687531218781222
6115 鎰勝,電子零組件,6115,2016,4,2017-03-31,2017-03-31,7.4849999999999985,0.5180722891566266,0.08742499999999997,1.0,45.6,1.0,6115,2017-05-15,43.44,-0.047368421052631615,45,-0.0010777974452037542,-0.0010526315789473693
6128 上福,電腦及週邊,6128,2014,1,2014-05-15,2014-05-15,9.7,0.20000000000000004,0.06207500000000001,1.0,25.46,1.0,6128,2015-05-15,27.77,0.09073055773762762,365,0.00023796723625801874,0.00024857687051404824
6128 上福,電腦及週邊,6128,2015,2,2015-08-14,2015-08-14,9.5325,0.1571428571428573,0.07635,1.0,26.39,1.0,6128,2016-11-14,37.36,0.4156877605153466,458,0.0007592738292874213,0.0009076151976317612
6155 鈞寶,電子零組件,6155,2016,1,2016-05-15,2016-05-16,12.745,0.4000000000000001,0.06310000000000003,1.0,15.9,1.0,6155,2016-11-14,17.95,0.12893081761006275,182,0.000666546250476685,0.0007084110857695755
6176 瑞儀,光電業,6176,2016,2,2016-08-14,2016-08-15,8.675000000000002,39.333333333333336,0.0689,1.0,48.38,1.0,6176,2016-11-14,52.98,0.09508061182306715,91,0.000998607932833906,0.0010448418881655731
6177 達麗,建材營造,6177,2015,4,2016-03-31,2016-03-31,7.162499999999996,3.1666666666666665,0.1284,1.0,16.56,1.0,6177,2016-05-16,17.19,0.03804347826086962,46,0.0008120179960220408,0.0008270321361058614
6177 達麗,建材營造,6177,2016,2,2016-08-14,2016-08-15,7.279999999999995,1.6666666666666667,0.146225,1.0,19.43,1.0,6177,2016-11-14,17.51,-0.09881626351003592,91,-0.0011427105325970688,-0.0010858930056047904
6189 豐藝,電子通路業,6189,2014,1,2014-05-15,2014-05-15,7.92,0.1807228915662651,0.08159999999999999,1.0,26.66,1.0,6189,2014-08-14,28.49,0.06864216054013506,91,0.0007298138083231542,0.0007543094564850006
6189 豐藝,電子通路業,6189,2014,4,2015-03-31,2015-03-31,8.85,0.1846153846153846,0.08257500000000001,1.0,30.3,1.0,6189,2015-05-15,29.18,-0.036963696369637034,45,-0.000836631371332941,-0.000821415474880823
6189 豐藝,電子通路業,6189,2015,3,2015-11-14,2015-11-16,8.4425,0.3295454545454545,0.09347500000000003,1.0,25.06,1.0,6189,2016-03-31,29.59,0.18076616121308864,136,0.0012225372559282466,0.00132916295009624
6189 豐藝,電子通路業,6189,2016,4,2017-03-31,2017-03-31,9.2575,0.13698630136986298,0.08547499999999998,1.0,29.87,1.0,6189,2017-05-15,29.5,-0.01238701037830603,45,-0.0002769476180872754,-0.00027526689729568955
6192 巨路,其他電子業,6192,2015,4,2016-03-31,2016-03-31,8.455000000000002,0.2597402597402597,0.060375000000000026,1.0,45.63,1.0,6192,2016-11-14,52.5,0.1505588428665352,228,0.0006153110448996468,0.000660345802046207
6196 帆宣,其他電子業,6196,2015,2,2015-08-14,2015-08-14,9.5575,1.0869565217391304,0.07104999999999997,1.0,16.98,1.0,6196,2016-08-15,25.57,0.5058892815076561,367,0.0011161090581006672,0.0013784449087402074
6197 佳必琪,電子零組件,6197,2016,4,2017-03-31,2017-03-31,13.792500000000002,3.7647058823529416,0.064175,1.0,36.79,1.0,6197,2017-05-15,35.6,-0.03234574612666474,45,-0.0007304093713066395,-0.0007187943583703276
6201 亞弘電,其他電子業,6201,2014,4,2015-03-31,2015-03-31,13.8,0.1777777777777778,0.0787,1.0,21.34,1.0,6201,2016-03-31,22.91,0.07357075913776945,366,0.00019398124523983817,0.0002010130031086597
6201 亞弘電,其他電子業,6201,2016,2,2016-08-14,2016-08-15,8.537499999999998,0.9642857142857144,0.07515,1.0,30.92,1.0,6201,2016-11-14,28.54,-0.07697283311772318,91,-0.0008797952987973368,-0.000845855308985969
6201 亞弘電,其他電子業,6201,2016,4,2017-03-31,2017-03-31,8.734999999999998,2.413793103448276,0.07617499999999999,1.0,32.33,1.0,6201,2017-05-15,30.09,-0.06928549334982981,45,-0.0015943432621581266,-0.0015396776299962179
6205 詮欣,電子零組件,6205,2016,3,2016-11-14,2016-11-14,10.967500000000005,0.2460317460317461,0.0709,1.0,27.84,1.0,6205,2017-05-15,37.98,0.3642241379310345,182,0.001707972695452531,0.0020012315270935962
6213 聯茂,電子零組件,6213,2014,2,2014-08-14,2014-08-14,7.845,0.16666666666666666,0.070275,1.0,25.52,1.0,6213,2014-11-14,19.67,-0.22923197492163006,92,-0.0028260841504992307,-0.0024916519013220657
6213 聯茂,電子零組件,6213,2016,1,2016-05-15,2016-05-16,7.130000000000003,1.2368421052631575,0.06037500000000001,1.0,26.14,1.0,6213,2017-03-31,42.41,0.6224177505738331,319,0.001518133881432071,0.0019511528231154643
6216 居易,通信網路業,6216,2014,1,2014-05-15,2014-05-15,10.6425,0.33333333333333354,0.0655,1.0,20.92,1.0,6216,2014-11-14,19.5,-0.06787762906309758,183,-0.00038403101512352045,-0.0003709160058092764
6216 居易,通信網路業,6216,2015,2,2015-08-14,2015-08-14,9.285000000000002,0.5757575757575757,0.0735,1.0,20.66,1.0,6216,2016-03-31,26.04,0.26040658276863504,230,0.0010067427458255729,0.001132202533776674
6216 居易,通信網路業,6216,2016,1,2016-05-15,2016-05-16,7.870000000000003,0.7000000000000001,0.084925,1.0,24.23,1.0,6216,2016-08-15,26.61,0.09822534048699949,91,0.0010301516724546822,0.0010793993460109835
6216 居易,通信網路業,6216,2016,4,2017-03-31,2017-03-31,8.617500000000003,0.2280701754385965,0.08825000000000001,1.0,31.15,1.0,6216,2017-05-15,28.81,-0.07512038523274478,45,-0.001733866139607132,-0.0016693418940609951
6224 聚鼎,電子零組件,6224,2015,3,2015-11-14,2015-11-16,10.6825,0.3445378151260505,0.060975000000000015,1.0,54.71,1.0,6224,2016-05-16,47.55,-0.13087186985925792,182,-0.000770388368079189,-0.0007190762080179007
6257 矽格,半導體,6257,2014,1,2014-05-15,2014-05-15,9.8325,0.4772727272727273,0.070025,1.0,23.12,1.0,6257,2015-05-15,22.63,-0.021193771626297653,365,-5.868754948612498e-05,-5.806512774328124e-05
6257 矽格,半導體,6257,2016,3,2016-11-14,2016-11-14,9.62,0.18644067796610167,0.06852499999999999,1.0,21.58,1.0,6257,2017-05-15,24.97,0.15708989805375362,182,0.0008020145432459103,0.0008631313079876572
6271 同欣電,半導體,6271,2016,2,2016-08-14,2016-08-15,11.015,0.433628318584071,0.06687499999999999,1.0,118.97,1.0,6271,2016-11-14,86.57,-0.2723375640917879,91,-0.003487509136919642,-0.0029927204845251417
6277 宏正,電腦及週邊,6277,2015,1,2015-05-15,2015-05-15,9.535,0.13986013986013984,0.06290000000000001,1.0,72.43,1.0,6277,2015-08-14,61.53,-0.15049012839983433,91,-0.0017906554913726946,-0.0016537376747234542
6277 宏正,電腦及週邊,6277,2016,1,2016-05-15,2016-05-16,9.2975,0.1226993865030676,0.07337500000000001,1.0,74.5,1.0,6277,2017-03-31,79.69,0.06966442953020135,319,0.00021113508218850718,0.00021838379163072525
6281 全國電,電子通路業,6281,2016,1,2016-05-15,2016-05-16,10.734999999999998,0.39597315436241615,0.064675,1.0,51.94,1.0,6281,2016-11-14,55.94,0.07701193685021179,182,0.00040772310493619734,0.00042314251016599885
6282 康舒,電子零組件,6282,2016,1,2016-05-15,2016-05-16,14.905000000000005,0.21739130434782614,0.0671,1.0,19.64,1.0,6282,2016-08-15,22.34,0.1374745417515275,91,0.0014165021908041364,0.0015107092500167858
8016 矽創,半導體,8016,2014,1,2014-05-15,2014-05-15,12.495,0.6944444444444444,0.06155,1.0,48.16,1.0,8016,2017-05-15,85.08,0.7666112956810631,1096,0.0005193530555629433,0.0006994628610228678
8070 長華,電子通路業,8070,2016,3,2016-11-14,2016-11-14,13.197500000000002,2.3088235294117645,0.07029999999999999,1.0,134.03,1.0,8070,2017-03-31,152.78,0.13989405357009632,137,0.0009561891395486466,0.0010211244786138417
8081 致新,半導體,8081,2014,1,2014-05-15,2014-05-15,11.7925,0.27210884353741505,0.072325,1.0,72.55,1.0,8081,2014-08-14,74.33,0.024534803583735387,91,0.0002663943712626349,0.00026961322619489434
8081 致新,半導體,8081,2014,3,2014-11-14,2014-11-14,12.572500000000002,0.1933701657458564,0.06109999999999999,1.0,69.29,1.0,8081,2015-05-15,66.48,-0.040554192524173804,182,-0.00022744360930770924,-0.00022282523364930662
8081 致新,半導體,8081,2016,2,2016-08-14,2016-08-15,10.645,0.26315789473684204,0.08527499999999999,1.0,62.13,1.0,8081,2016-11-14,63.72,0.025591501690004792,91,0.0002777256022012953,0.00028122529329675593
8081 致新,半導體,8081,2016,4,2017-03-31,2017-03-31,12.47,0.2439024390243903,0.07292499999999998,1.0,66.04,1.0,8081,2017-05-15,66.42,0.00575408843125369,45,0.00012751028200441716,0.00012786863180563754
8103 瀚荃,電子零組件,8103,2014,1,2014-05-15,2014-05-15,8.075,0.4133333333333334,0.06347499999999999,1.0,34.5,1.0,8103,2014-11-14,42.42,0.2295652173913043,183,0.0011299309248062883,0.001254454739843193
8112 至上,電子通路業,8112,2015,4,2016-03-31,2016-03-31,8.590000000000002,0.6818181818181818,0.07627500000000001,1.0,12.87,1.0,8112,2017-05-15,23.63,0.8360528360528361,410,0.0014830939893950568,0.002039153258665454
8131 福懋科,半導體,8131,2015,3,2015-11-14,2015-11-16,7.0950000000000015,0.5714285714285715,0.064375,1.0,17.68,1.0,8131,2016-03-31,19.68,0.1131221719457014,136,0.000788316693804969,0.0008317806760713339
8163 達方,電腦及週邊,8163,2016,2,2016-08-14,2016-08-15,9.542500000000011,2.5714285714285707,0.07822499999999999,1.0,16.93,1.0,8163,2016-11-14,17.58,0.038393384524512575,91,0.0004140933625773613,0.00042190532444519313
8163 達方,電腦及週邊,8163,2016,4,2017-03-31,2017-03-31,10.480000000000015,1.4782608695652173,0.09675,1.0,22.27,1.0,8163,2017-05-15,24.35,0.0933991917377639,45,0.001986222559962947,0.002075537594172531
8210 勤誠,電腦及週邊,8210,2014,1,2014-05-15,2014-05-15,8.0975,0.7272727272727271,0.07337500000000001,1.0,37.29,1.0,8210,2015-05-15,37.8,0.013676588897827857,365,3.7216880023560606e-05,3.747010656939139e-05
8210 勤誠,電腦及週邊,8210,2015,3,2015-11-14,2015-11-16,8.695000000000002,0.4000000000000001,0.0655,1.0,31.17,1.0,8210,2016-11-14,47.56,0.5258261148540262,364,0.001161487130822536,0.0014445772386099621
8213 志超,電子零組件,8213,2014,2,2014-08-14,2014-08-14,5.77,0.5376344086021504,0.07590000000000002,1.0,37.4,1.0,8213,2015-03-31,44.39,0.18689839572192524,229,0.0007485049439412972,0.0008161501996590621
8249 菱光,電子零組件,8249,2015,3,2015-11-14,2015-11-16,6.687499999999997,0.1684210526315791,0.07875000000000001,1.0,19.37,1.0,8249,2016-03-31,19.11,-0.0134228187919464,136,-9.936064551230306e-05,-9.869719699960589e-05
8249 菱光,電子零組件,8249,2016,4,2017-03-31,2017-03-31,7.302499999999997,9.000000000000002,0.08532499999999997,1.0,21.63,1.0,8249,2017-05-15,22.37,0.03421174294960716,45,0.000747824715733092,0.0007602609544357147
8271 宇瞻,半導體,8271,2014,3,2014-11-14,2014-11-14,7.357499999999999,0.7884615384615385,0.0647,1.0,32.45,1.0,8271,2015-05-15,27.11,-0.16456086286594773,182,-0.000987412075684646,-0.000904180565197515
8271 宇瞻,半導體,8271,2016,1,2016-05-15,2016-05-16,8.2025,0.4634146341463415,0.101375,1.0,25.43,1.0,8271,2016-08-15,31.05,0.22099882029099494,91,0.002196576297786468,0.002428558464736208
8271 宇瞻,半導體,8271,2016,3,2016-11-14,2016-11-14,9.275,1.59375,0.08994999999999997,1.0,30.59,1.0,8271,2017-05-15,37.77,0.23471722785223936,182,0.0011591436980389336,0.0012896550980892273
8926 台汽電,油電燃氣業,8926,2014,3,2014-11-14,2014-11-14,11.575000000000005,0.7826086956521737,0.060325,1.0,21.08,1.0,8926,2015-03-31,22.89,0.08586337760910823,137,0.0006014611723661467,0.0006267399825482352
9905 大華,其他,9905,2015,2,2015-08-14,2015-08-14,10.7075,0.32812499999999994,0.063125,1.0,24.77,1.0,9905,2015-11-16,25.66,0.03593056116269677,94,0.00037560366699729286,0.0003822400123691146
9911 櫻花,其他,9911,2015,3,2015-11-14,2015-11-16,9.335,0.12244897959183686,0.064575,1.0,19.02,1.0,9911,2016-03-31,20.66,0.0862250262881179,136,0.0006083350090735351,0.000634007546236161
9911 櫻花,其他,9911,2016,1,2016-05-15,2016-05-16,8.094999999999999,0.5952380952380953,0.07009999999999998,1.0,25.87,1.0,9911,2017-05-15,32.2,0.2446849632779282,364,0.0006015062619202372,0.0006722114375767259
9924 福興,其他,9924,2014,4,2015-03-31,2015-03-31,8.2475,0.4782608695652174,0.065275,1.0,32.03,1.0,9924,2016-11-14,38.63,0.20605682172962858,594,0.00031546424847994636,0.000346897006278836
9927 泰銘,其他,9927,2015,2,2015-08-14,2015-08-14,8.579999999999998,0.1791044776119403,0.0653,1.0,27.61,1.0,9927,2015-11-16,24.88,-0.09887721839913077,94,-0.0011069800160491416,-0.0010518853021184126
9927 泰銘,其他,9927,2016,1,2016-05-15,2016-05-16,8.554999999999996,0.7105263157894737,0.073425,1.0,26.16,1.0,9927,2016-08-15,28.8,0.10091743119266061,91,0.0010570842602821706,0.0011089827603589079
9927 泰銘,其他,9927,2016,3,2016-11-14,2016-11-14,8.722499999999998,1.3488372093023258,0.066875,1.0,30.91,1.0,9927,2017-05-15,35.59,0.15140731154966036,182,0.0007749426590588637,0.0008319083052179141
9934 成霖,其他,9934,2016,4,2017-03-31,2017-03-31,8.492500000000005,0.4583333333333333,0.07397500000000001,1.0,15.78,1.0,9934,2017-05-15,17.88,0.13307984790874516,45,0.002780290176135347,0.0029573299535276703
9941 裕融,其他,9941,2016,3,2016-11-14,2016-11-14,10.132500000000004,0.768421052631579,0.064275,1.0,71.31,1.0,9941,2017-05-15,82.91,0.16267003225354082,182,0.0008284699813232432,0.0008937913860084661
9943 好樂迪,觀光事業,9943,2014,1,2014-05-15,2014-05-15,10.465,0.1574803149606299,0.08985,1.0,30.84,1.0,9943,2016-03-31,48.24,0.5642023346303502,686,0.0006523643060216688,0.000822452382843076
9945 潤泰新,其他,9945,2014,3,2014-11-14,2014-11-14,2.0374999999999983,0.7611940298507459,0.081475,1.0,33.37,1.0,9945,2015-03-31,36.16,0.08360803116571769,137,0.0005862757542449692,0.0006102775997497642
9945 潤泰新,其他,9945,2015,1,2015-05-15,2015-05-15,5.077499999999998,0.7468354430379744,0.08335,1.0,37.67,1.0,9945,2016-03-31,33.95,-0.09875232280329171,321,-0.0003238577265096687,-0.0003076396349012203
